{
  "val": {
    "loss": 0.7625441479041437,
    "acc": 0.9820627802690582,
    "f1": 0.9815314689956329
  },
  "test": {
    "loss": 0.7561455815362289,
    "acc": 0.9899103139013453,
    "f1": 0.9897436744253728
  }
}