{
  "train_loss": [
    3.6130033256743452,
    2.505148312186599,
    1.1482605235102772,
    0.9489666683918523,
    0.8706795329286685,
    0.8337768135492517,
    0.8008631202814184,
    0.7878313777367102,
    0.7763471662410891,
    0.7696979092279611
  ],
  "train_acc": [
    0.09228550829127613,
    0.5645277577505408,
    0.8798365777457342,
    0.9379956741167988,
    0.9562605142994473,
    0.9699591444364335,
    0.9798125450612833,
    0.9831771208844028,
    0.9836577745734199,
    0.9865416967075222
  ],
  "val_loss": [
    3.3194382746657984,
    1.2470147246202545,
    0.9513150972101186,
    0.8449608488467777,
    0.8233041431871765,
    0.7869283866989238,
    0.7980178158914027,
    0.7705855508556281,
    0.7625441479041437,
    0.7650377018034725
  ],
  "val_acc": [
    0.3778026905829596,
    0.8632286995515696,
    0.9271300448430493,
    0.9596412556053812,
    0.9641255605381166,
    0.976457399103139,
    0.968609865470852,
    0.9786995515695067,
    0.9820627802690582,
    0.976457399103139
  ],
  "val_f1": [
    0.33958154112030026,
    0.8581836683605601,
    0.9206832253111952,
    0.9573354251889562,
    0.9628333568561571,
    0.9755085549135597,
    0.9648408812945568,
    0.9781282966570043,
    0.9815314689956329,
    0.9755630072483392
  ],
  "lr": [
    8.433340333949981e-05,
    0.00022866526282084977,
    0.0002999991197213363,
    0.00028492162847716315,
    0.0002431213728452632,
    0.000182877406100027,
    0.00011612178469911422,
    5.607627816494453e-05,
    1.4633635476420963e-05,
    2.0802786636499076e-09
  ]
}